"card_type","card_name","banned","dealt","drafted","played","won","ADP","PWR"
"MinorImprovement","Abandoned Willow","0","1,343","874","560","172","5.2","1.8"
"MinorImprovement","Absinthe","0","1,569","1,446","1,221","452","3.6","4.1"
"MinorImprovement","Acreage","0","1,443","1,206","1,016","270","4.5","2.7"
"MinorImprovement","Alchemist's Lab","1","1,172","1,054","773","256","4.4","3.1"
"MinorImprovement","Allegory","0","1,054","946","529","174","4.2","2.4"
"MinorImprovement","Alms","0","1,352","658","499","196","4.7","2.1"
"MinorImprovement","Alms Basket","0","1,168","596","464","167","4.4","2.0"
"MinorImprovement","Almshouse","0","1,541","1,388","1,201","386","3.3","3.6"
"MinorImprovement","Alternative Materials","0","926","199","81","18","6.1","0.3"
"MinorImprovement","Amusement Park","0","1,368","1,247","934","290","4.2","3.0"
"MinorImprovement","Angry Boy","0","436","417","341","87","3.6","2.9"
"MinorImprovement","Animal Feed","0","1,365","755","285","100","5.8","1.0"
"MinorImprovement","Animal Nursery","0","1,144","403","151","44","6.0","0.5"
"MinorImprovement","Animal Pen","0","1,603","1,603","1,393","433","1.3","3.9"
"MinorImprovement","Animal Trap","0","1,194","939","571","216","4.2","2.6"
"MinorImprovement","Animal Yard","0","1,367","1,135","791","206","4.5","2.2"
"MinorImprovement","Apiary","0","1,376","1,325","1,074","369","2.6","3.8"
"MinorImprovement","Apple Garden","0","1,339","400","287","96","5.9","1.0"
"MinorImprovement","Apple Tree","0","1,351","812","475","113","5.3","1.2"
"MinorImprovement","Apprenticeship","0","1,281","721","360","122","5.5","1.4"
"MinorImprovement","Aquavit","0","1,043","942","804","278","4.1","3.8"
"MinorImprovement","Archangel","0","887","805","725","210","3.9","3.4"
"MinorImprovement","Art","0","606","555","319","103","3.9","2.4"
"MinorImprovement","Artichoke Field","0","1,183","1,124","877","260","4.0","3.1"
"MinorImprovement","Artists Garden","0","1,579","1,525","1,293","412","2.8","3.7"
"MinorImprovement","Attic","0","1,417","609","424","108","5.6","1.1"
"MinorImprovement","Avalanche","0","278","180","103","31","5.5","1.6"
"MinorImprovement","Axe","0","1,623","1,613","1,476","445","1.5","3.9"
"MinorImprovement","Baby Sling","0","1,304","1,186","1,039","346","3.0","3.8"
"MinorImprovement","Back Door","0","1,359","1,268","760","192","3.9","2.0"
"MinorImprovement","Backyard Well","0","1,510","1,368","1,093","323","3.4","3.1"
"MinorImprovement","Badger","1","982","166","83","22","6.3","0.3"
"MinorImprovement","Baguette","0","1,397","640","467","144","5.7","1.5"
"MinorImprovement","Bakehouse","0","1,382","902","430","128","5.2","1.3"
"MinorImprovement","Baker's Kitchen","0","1,333","858","435","143","5.1","1.5"
"MinorImprovement","Baker's Oven","0","1,427","948","552","192","5.0","1.9"
"MinorImprovement","Baker's Tool","0","52","20","12","2","4.8","0.5"
"MinorImprovement","Bakery","0","1,210","1,101","728","220","3.5","2.6"
"MinorImprovement","Baking Field","0","5","4","4","2","5.0","5.7"
"MinorImprovement","Baking Tray","0","1,359","1,115","714","164","4.1","1.7"
"MinorImprovement","Bamboo","0","1,363","1,322","1,090","320","2.8","3.4"
"MinorImprovement","Banana Tree","0","1,016","875","723","183","4.1","2.6"
"MinorImprovement","Barber Shop","0","1,341","1,267","951","237","3.3","2.5"
"MinorImprovement","Bark Breads","0","884","401","275","77","5.9","1.2"
"MinorImprovement","Barn","0","1,267","1,194","1,094","318","2.7","3.6"
"MinorImprovement","Barren Field","0","113","84","70","23","5.1","2.9"
"MinorImprovement","Bartering Shack","0","898","671","489","172","5.1","2.7"
"MinorImprovement","Basket","1","1,419","346","190","42","5.6","0.4"
"MinorImprovement","Bathroom","0","1,106","501","267","76","6.0","1.0"
"MinorImprovement","Bean Hole","0","908","761","552","174","4.3","2.7"
"MinorImprovement","Beanfield","0","1,596","1,484","1,291","387","3.5","3.5"
"MinorImprovement","Beehive","0","1,592","1,592","1,487","460","1.9","4.1"
"MinorImprovement","Birdcage","0","1,432","810","463","117","4.9","1.2"
"MinorImprovement","Birth Well","1","449","426","334","113","2.7","3.6"
"MinorImprovement","Black Swan Lake","0","1,297","1,284","1,219","396","2.3","4.4"
"MinorImprovement","Boar Breeding","0","1,361","943","656","188","5.5","2.0"
"MinorImprovement","Boar Trap","0","952","682","442","79","4.4","1.2"
"MinorImprovement","Boarding School","1","655","609","463","180","2.1","3.9"
"MinorImprovement","Bonanza","0","725","584","425","120","4.5","2.4"
"MinorImprovement","Bonfire","0","1,383","902","560","141","5.2","1.5"
"MinorImprovement","Bonus","0","1,182","679","351","97","5.3","1.2"
"MinorImprovement","Bonus Room","0","941","919","504","142","2.8","2.2"
"MinorImprovement","Bookmark","0","1,326","1,227","984","325","3.2","3.5"
"MinorImprovement","Bookshelf","0","1,576","1,575","1,473","451","1.3","4.1"
"MinorImprovement","Borrowed Plow","1","855","726","588","178","4.2","3.0"
"MinorImprovement","Boundary Stones","0","1,389","1,123","824","272","4.6","2.8"
"MinorImprovement","Bounty","0","927","772","596","176","3.9","2.7"
"MinorImprovement","Bouquet","0","126","50","31","6","5.7","0.7"
"MinorImprovement","Brazier","0","1,287","632","334","80","5.8","0.9"
"MinorImprovement","Bread Form","0","202","113","78","15","4.9","1.1"
"MinorImprovement","Bread Machine","0","1,342","1,240","938","294","3.6","3.1"
"MinorImprovement","Bread Paddle","0","1,053","403","208","47","5.6","0.6"
"MinorImprovement","Bread Pond","0","201","142","97","28","4.5","2.0"
"MinorImprovement","Breakfast Outdoors","0","1,347","679","311","84","5.7","0.9"
"MinorImprovement","Brewery","0","1,411","662","246","65","5.7","0.7"
"MinorImprovement","Brickyard","0","1,389","1,034","680","206","4.8","2.1"
"MinorImprovement","Broom","0","1,566","1,557","1,377","366","2.1","3.3"
"MinorImprovement","Brushwood Roof","0","1,478","1,040","718","174","4.7","1.7"
"MinorImprovement","Buck Saw","0","135","111","87","29","4.1","3.1"
"MinorImprovement","Builder's Trowel","0","1,441","1,072","639","165","4.6","1.6"
"MinorImprovement","Building Material","0","1,390","1,060","897","246","5.4","2.5"
"MinorImprovement","Buried Treasure","0","1,369","1,153","951","236","4.3","2.5"
"MinorImprovement","Butter Churn","0","974","210","78","11","5.8","0.2"
"MinorImprovement","Cabbage","0","1,066","966","666","236","3.5","3.2"
"MinorImprovement","Camembert","0","1,587","1,461","1,298","365","3.5","3.3"
"MinorImprovement","Candle Light","0","418","351","249","64","4.3","2.2"
"MinorImprovement","Candy Room","0","1,004","805","453","146","4.3","2.1"
"MinorImprovement","Canoe","0","1,099","885","575","114","4.4","1.5"
"MinorImprovement","Caravan","0","8","5","2","1","4.2","1.8"
"MinorImprovement","Carp Pond","0","1,533","1,476","1,368","415","3.1","3.9"
"MinorImprovement","Carpet","0","1,219","1,178","785","261","2.9","3.1"
"MinorImprovement","Carrot Harvester","0","956","905","634","206","3.5","3.1"
"MinorImprovement","Carrots","0","1,370","1,222","823","251","3.9","2.6"
"MinorImprovement","Cash Crop","0","1,585","1,486","1,281","372","3.3","3.4"
"MinorImprovement","Cattle Market","0","1,500","729","387","112","5.8","1.1"
"MinorImprovement","Ceramics","0","1,399","1,256","888","270","3.8","2.8"
"MinorImprovement","Chameleon","0","1,132","328","143","28","6.1","0.4"
"MinorImprovement","Changing Plans","0","1,470","831","518","146","5.1","1.4"
"MinorImprovement","Cheese Fondue","0","1,145","748","473","132","5.5","1.6"
"MinorImprovement","Cheese Slicer","0","515","265","172","31","5.3","0.9"
"MinorImprovement","Cherry Orchard","0","1,219","983","771","180","4.7","2.1"
"MinorImprovement","Chicken Coop","0","1,440","1,339","1,062","294","3.5","2.9"
"MinorImprovement","Child's Toy","0","1,217","1,101","916","219","3.9","2.6"
"MinorImprovement","Children's Playground","0","1,242","851","429","145","5.3","1.7"
"MinorImprovement","Chimney","0","1,139","732","370","105","5.1","1.3"
"MinorImprovement","Chocolade","0","1,375","1,038","783","206","5.0","2.1"
"MinorImprovement","Chophouse","0","215","175","143","36","3.9","2.4"
"MinorImprovement","Clapper","0","953","191","82","19","6.1","0.3"
"MinorImprovement","Clay Deposit","0","1,396","1,241","890","285","4.4","2.9"
"MinorImprovement","Clay Exchange","0","970","684","477","138","5.2","2.0"
"MinorImprovement","Clay Hut Extension","0","1,462","1,376","1,112","397","2.3","3.9"
"MinorImprovement","Clay Path","0","1,370","1,325","952","301","3.6","3.1"
"MinorImprovement","Clay Pit","0","1,425","1,425","1,271","370","2.0","3.7"
"MinorImprovement","Clay Roof","0","1,620","1,610","1,528","452","1.9","4.0"
"MinorImprovement","Clay Supports","0","1,640","1,509","1,162","354","2.4","3.1"
"MinorImprovement","Clay Worker's Shop","0","903","482","238","76","5.3","1.2"
"MinorImprovement","Claytablet","0","952","783","560","191","3.8","2.9"
"MinorImprovement","Clockwork Man","0","1,338","1,066","722","177","4.6","1.9"
"MinorImprovement","Clogs","0","1,552","1,456","1,107","333","3.8","3.1"
"MinorImprovement","Cloister","0","1,323","1,192","845","283","3.4","3.1"
"MinorImprovement","Coal Pit","0","541","532","493","151","2.7","4.0"
"MinorImprovement","Coarse Grain","0","863","496","324","84","5.4","1.4"
"MinorImprovement","Coffee Break","0","1,367","1,236","966","325","4.3","3.4"
"MinorImprovement","Coke Stove","0","970","395","186","42","6.0","0.6"
"MinorImprovement","Collar and Chain","0","1,336","1,304","1,117","298","2.9","3.2"
"MinorImprovement","Consolation Prize","0","922","334","101","24","6.2","0.4"
"MinorImprovement","Cook Pot","0","1,202","969","655","182","4.8","2.2"
"MinorImprovement","Cookies","0","1,574","1,388","1,123","315","3.8","2.9"
"MinorImprovement","Cooking Corner","0","1,363","1,243","904","276","4.0","2.9"
"MinorImprovement","Cooking Hearth","0","1,445","949","489","102","5.2","1.0"
"MinorImprovement","Copse","0","920","384","168","45","5.9","0.7"
"MinorImprovement","Corn Scoop","0","1,394","1,170","911","223","4.0","2.3"
"MinorImprovement","Corn Sheaf","0","1,590","1,318","1,205","345","4.4","3.1"
"MinorImprovement","Corn Storehouse","1","1,075","177","73","18","6.0","0.2"
"MinorImprovement","Corn on the Cob","0","1,187","693","433","119","5.5","1.4"
"MinorImprovement","Cornrick","0","1,343","1,071","668","163","4.4","1.7"
"MinorImprovement","Cornucopia","0","1,187","1,034","707","196","3.8","2.4"
"MinorImprovement","Costermonger's Barrow","0","1,235","1,043","706","202","3.8","2.3"
"MinorImprovement","Cotton Field","0","22","22","19","9","3.1","5.8"
"MinorImprovement","Country Silo","0","1,151","605","346","94","5.0","1.2"
"MinorImprovement","Cow Chips","0","1,166","1,028","713","235","4.3","2.9"
"MinorImprovement","Crib","0","1,422","835","597","168","5.3","1.7"
"MinorImprovement","Crooked Plow","0","1,517","1,353","1,124","262","3.4","2.5"
"MinorImprovement","Crop Rotation Field","0","1,189","1,029","856","209","4.6","2.5"
"MinorImprovement","Crystal Ball","0","895","864","759","170","3.0","2.7"
"MinorImprovement","Custom Improvements","0","820","683","530","144","4.2","2.5"
"MinorImprovement","Dairy Supply","0","854","615","327","98","5.3","1.6"
"MinorImprovement","Diamond Mine","0","1,594","1,567","1,405","439","2.5","3.9"
"MinorImprovement","Diary","0","1,589","1,515","1,328","356","3.2","3.2"
"MinorImprovement","Dictionary","0","964","721","517","98","4.5","1.5"
"MinorImprovement","Dinghy","0","1,126","844","575","126","5.0","1.6"
"MinorImprovement","Dolly's Mother","0","1,279","1,189","996","314","3.3","3.5"
"MinorImprovement","Donkey","0","1,560","1,449","1,243","456","2.5","4.2"
"MinorImprovement","Dormer","0","898","846","571","172","3.9","2.7"
"MinorImprovement","Dough","0","1,156","817","570","174","5.3","2.2"
"MinorImprovement","Dovecote","0","1,609","1,517","1,200","360","3.6","3.2"
"MinorImprovement","Dovetail Joints","0","966","908","702","223","3.2","3.3"
"MinorImprovement","Downsizing","0","1,565","1,364","1,237","360","3.0","3.3"
"MinorImprovement","Dragonfly Pond","0","8","8","7","1","2.6","1.8"
"MinorImprovement","Drained Pond","0","1,371","1,245","925","254","4.0","2.6"
"MinorImprovement","Dray","0","1,012","977","825","250","3.3","3.5"
"MinorImprovement","Driftwood","0","1,260","1,239","1,131","413","2.1","4.7"
"MinorImprovement","Drinking Trough","0","1,137","509","213","59","5.8","0.7"
"MinorImprovement","Dual Field","0","1,064","913","732","184","4.5","2.5"
"MinorImprovement","Duck Pond","0","1,602","1,590","1,530","474","2.1","4.2"
"MinorImprovement","Edible Roots","0","1,248","541","304","73","5.8","0.8"
"MinorImprovement","Educated Sheep","0","982","648","451","139","5.3","2.0"
"MinorImprovement","Eel Farm","0","873","378","262","57","5.2","0.9"
"MinorImprovement","Encircling Wall","0","1,369","959","637","233","5.0","2.4"
"MinorImprovement","Engineering","0","993","511","395","129","3.9","1.9"
"MinorImprovement","Evening Prayer","0","1,555","1,371","1,199","399","2.5","3.7"
"MinorImprovement","Executive Boar","0","1,004","933","756","249","3.7","3.5"
"MinorImprovement","Expansion Plans","0","1,017","689","431","140","3.9","2.0"
"MinorImprovement","Extensive Resume","0","874","703","572","135","3.9","2.2"
"MinorImprovement","Farm Name Sign","0","1,237","1,089","733","237","4.7","2.7"
"MinorImprovement","Farm School","0","1,335","1,089","687","207","4.1","2.2"
"MinorImprovement","Farm Stable","0","1,362","1,171","922","280","3.8","2.9"
"MinorImprovement","Farmer's Straw Hat","0","1,249","1,159","793","260","4.2","3.0"
"MinorImprovement","Feed Pellets","0","1,137","298","195","52","6.2","0.7"
"MinorImprovement","Festival Hall","0","1,432","1,089","624","187","4.6","1.9"
"MinorImprovement","Field","0","1,421","1,254","1,119","308","4.4","3.1"
"MinorImprovement","Fish Hook","0","1,245","1,057","747","182","4.6","2.1"
"MinorImprovement","Fish Pond","0","1,320","559","356","84","5.7","0.9"
"MinorImprovement","Fish Trap","0","1,301","1,283","1,148","324","2.1","3.6"
"MinorImprovement","Fishing Rod","0","1,378","790","537","93","5.1","1.0"
"MinorImprovement","Five Rings","0","1,338","1,287","1,104","299","2.7","3.2"
"MinorImprovement","Flagon","0","1,332","1,088","928","239","4.6","2.6"
"MinorImprovement","Flail","1","983","203","88","16","5.7","0.2"
"MinorImprovement","Flamingo Lake","0","1,173","937","694","170","5.0","2.1"
"MinorImprovement","Flat Hill","0","1,301","1,086","668","239","4.4","2.6"
"MinorImprovement","Flea Market","0","1,143","911","765","216","5.0","2.7"
"MinorImprovement","Fleece Factory","0","997","905","510","134","3.9","1.9"
"MinorImprovement","Flower Pots","0","1,434","1,336","1,107","282","3.6","2.8"
"MinorImprovement","Food Bank","0","855","193","94","21","5.6","0.4"
"MinorImprovement","Food Storehouse","0","1,053","955","755","204","4.0","2.8"
"MinorImprovement","Foraging","0","1,149","816","516","175","5.2","2.2"
"MinorImprovement","Foreign Labor","0","989","863","582","174","3.6","2.5"
"MinorImprovement","Foresight","0","927","887","778","241","3.6","3.7"
"MinorImprovement","Forest Pasture","0","1,386","1,383","1,220","367","2.0","3.8"
"MinorImprovement","Free-Range Chickens","0","1,110","281","84","22","6.0","0.3"
"MinorImprovement","Friendly Pastures","0","1,169","411","144","33","6.0","0.4"
"MinorImprovement","Fruit Tart","0","1,061","775","475","138","4.6","1.9"
"MinorImprovement","Fruit Tree","0","1,632","1,627","1,511","464","1.9","4.1"
"MinorImprovement","Fruit Tree House","0","1,011","372","202","64","5.1","0.9"
"MinorImprovement","Fruitcake","0","1,421","1,235","857","306","4.5","3.1"
"MinorImprovement","Full-bottomed Wig","0","1,439","1,032","590","199","5.1","2.0"
"MinorImprovement","Gate","0","378","241","136","28","5.1","1.1"
"MinorImprovement","Giant Scarecrow","0","863","684","408","106","4.6","1.8"
"MinorImprovement","Glassblowers Shop","0","1,365","925","496","162","5.1","1.7"
"MinorImprovement","Goblet","0","1,285","853","533","148","4.8","1.6"
"MinorImprovement","Gold Medal","0","1,373","1,018","627","157","5.1","1.6"
"MinorImprovement","Gold, Incense and Myrrh","0","309","270","256","94","4.1","4.3"
"MinorImprovement","Golden Rose","0","1,405","1,340","1,041","300","3.3","3.1"
"MinorImprovement","Goose Pond","0","1,562","1,556","1,424","452","2.1","4.1"
"MinorImprovement","Grain Bag","0","1,245","1,081","776","197","4.1","2.3"
"MinorImprovement","Grain Cart","0","1,378","1,275","1,020","269","3.1","2.8"
"MinorImprovement","Grain Elevator","0","1,380","1,083","693","195","4.1","2.0"
"MinorImprovement","Grain Mill Oven","0","1,356","1,102","729","207","4.2","2.2"
"MinorImprovement","Grain Shrine","0","872","726","409","127","4.4","2.1"
"MinorImprovement","Granary","0","1,569","1,309","1,058","327","3.9","3.0"
"MinorImprovement","Greenhouse","0","1,456","1,260","917","222","4.0","2.2"
"MinorImprovement","Grotto","0","1,353","1,209","971","228","3.2","2.4"
"MinorImprovement","Ground Pickaxe Plow","0","1,372","1,336","1,253","339","2.7","3.5"
"MinorImprovement","Guest","0","1,338","947","698","192","5.3","2.1"
"MinorImprovement","Guest Plow","1","920","504","355","108","4.7","1.7"
"MinorImprovement","Guest Room","1","1,320","1,301","1,044","354","1.7","3.8"
"MinorImprovement","Guild Hall","0","1,364","1,244","1,028","334","2.6","3.5"
"MinorImprovement","Gypsy's Crock","0","1,073","415","192","51","6.0","0.7"
"MinorImprovement","Half-timbered House","0","1,484","1,328","717","294","3.6","2.8"
"MinorImprovement","Hammock","0","1,391","1,007","548","212","4.5","2.2"
"MinorImprovement","Hand Mill","0","976","176","72","16","6.1","0.2"
"MinorImprovement","Handplow","0","326","278","232","63","4.0","2.8"
"MinorImprovement","Harrow","0","1,362","878","652","128","5.1","1.3"
"MinorImprovement","Harvest Totem","0","990","889","574","169","3.9","2.4"
"MinorImprovement","Hay Rake","0","1,307","1,170","971","181","3.8","2.0"
"MinorImprovement","Haystack","0","1,340","1,062","567","179","4.3","1.9"
"MinorImprovement","Heatwave","0","1,353","714","420","132","5.7","1.4"
"MinorImprovement","Heavy Cart","0","874","681","366","101","4.5","1.7"
"MinorImprovement","Heavy Plow","1","1,157","948","661","207","3.6","2.6"
"MinorImprovement","Helpful Neighbours","0","1,428","966","711","187","5.5","1.9"
"MinorImprovement","Herb Garden","0","1,371","1,266","838","237","4.1","2.5"
"MinorImprovement","Hermit's Stick","0","1,193","354","164","36","5.8","0.4"
"MinorImprovement","Hoe","0","1,164","364","224","68","5.8","0.8"
"MinorImprovement","Holiday House","0","1,116","190","65","19","5.7","0.2"
"MinorImprovement","Home Garden","0","1,405","810","529","137","5.5","1.4"
"MinorImprovement","Homework","0","1,576","1,550","1,359","465","2.4","4.2"
"MinorImprovement","Honeymoon","0","1,393","960","508","218","5.0","2.2"
"MinorImprovement","Horse","0","1,421","967","835","253","5.0","2.5"
"MinorImprovement","House Boat","0","176","160","126","31","3.4","2.5"
"MinorImprovement","House Goat","0","1,667","1,639","1,578","476","2.0","4.1"
"MinorImprovement","Huntsman's Rifle","0","1,138","805","440","101","4.9","1.3"
"MinorImprovement","Hydroponics","0","672","658","482","157","3.4","3.3"
"MinorImprovement","Ice Cooler","0","930","779","606","190","4.3","2.9"
"MinorImprovement","Imported Timber","0","1,005","691","571","265","3.2","3.8"
"MinorImprovement","Interior Design","0","1,172","522","367","125","5.3","1.5"
"MinorImprovement","Investments","0","1,104","443","248","69","6.0","0.9"
"MinorImprovement","Iron Oven","0","1,265","1,204","851","264","3.6","3.0"
"MinorImprovement","Iron Plow","0","1,364","1,334","1,189","315","2.6","3.3"
"MinorImprovement","Jungle","0","42","40","32","8","4.4","2.7"
"MinorImprovement","Keys","0","1,273","1,193","805","180","3.5","2.0"
"MinorImprovement","Kid's Corner","0","1,410","1,030","632","168","5.3","1.7"
"MinorImprovement","Kindling","0","1,278","726","401","87","5.2","1.0"
"MinorImprovement","Kitchen Cabinet","0","1,167","721","480","140","5.3","1.7"
"MinorImprovement","Kitchen Table","0","1,381","644","448","103","5.7","1.1"
"MinorImprovement","Kudzu","0","1,137","512","321","101","5.5","1.3"
"MinorImprovement","Ladder","0","1,381","1,097","751","189","3.9","2.0"
"MinorImprovement","Lamp Oil","0","1,431","1,270","972","283","4.6","2.8"
"MinorImprovement","Landing Net","0","1,386","1,347","1,166","299","2.5","3.1"
"MinorImprovement","Large Sunhat","0","1,228","1,075","827","203","3.5","2.4"
"MinorImprovement","Lasso","0","1,333","849","507","122","5.1","1.3"
"MinorImprovement","Lean-to Stable","0","182","165","126","25","3.4","2.0"
"MinorImprovement","Leftovers","0","1,038","979","744","249","3.5","3.4"
"MinorImprovement","Leggett","0","92","60","46","11","4.3","1.7"
"MinorImprovement","Lettuce Patch","0","1,582","1,505","1,269","371","2.9","3.4"
"MinorImprovement","Lighthouse","0","1,371","1,145","819","217","3.1","2.3"
"MinorImprovement","Liquid Manure","0","1,395","1,004","608","208","5.3","2.1"
"MinorImprovement","Loom","0","1,553","1,508","1,227","395","2.4","3.6"
"MinorImprovement","Lorelei","0","919","879","776","213","2.9","3.3"
"MinorImprovement","Lumber","0","1,399","1,157","942","261","4.8","2.7"
"MinorImprovement","Lumber Mill","0","64","52","37","15","4.4","3.3"
"MinorImprovement","Lumber Pile","0","1,237","735","474","129","5.0","1.5"
"MinorImprovement","Machete","0","1,185","1,119","830","209","3.6","2.5"
"MinorImprovement","Madonna Statue","0","1,142","965","599","226","4.9","2.8"
"MinorImprovement","Magnet","0","980","869","669","190","4.4","2.8"
"MinorImprovement","Manger","0","1,427","804","500","175","5.0","1.8"
"MinorImprovement","Mangrove Tree","0","843","683","489","101","4.4","1.7"
"MinorImprovement","Mansion","0","1,601","1,469","776","335","2.8","3.0"
"MinorImprovement","Manure","0","1,141","577","268","76","5.8","1.0"
"MinorImprovement","March","0","1,351","998","677","199","4.7","2.1"
"MinorImprovement","Market","0","1,011","954","848","233","3.1","3.3"
"MinorImprovement","Market Stall","0","1,372","634","342","92","5.6","1.0"
"MinorImprovement","Master Oven","0","923","863","548","164","3.6","2.5"
"MinorImprovement","Mattock","0","1,182","1,058","804","247","3.9","3.0"
"MinorImprovement","Meadow","0","1,233","1,105","863","314","3.5","3.6"
"MinorImprovement","Melon Patch","0","1,377","1,228","1,089","367","2.9","3.8"
"MinorImprovement","Menagerie","0","1,265","1,161","953","310","3.6","3.5"
"MinorImprovement","Milkcan","0","1,191","854","622","202","5.4","2.4"
"MinorImprovement","Milking Shed","0","1,150","309","104","20","6.2","0.2"
"MinorImprovement","Milking Stool","0","1,585","1,550","1,267","462","2.4","4.2"
"MinorImprovement","Millstone","0","1,170","314","151","26","5.9","0.3"
"MinorImprovement","Mini Pasture","0","1,457","1,414","1,279","360","3.3","3.5"
"MinorImprovement","Moldboard Plow","0","1,401","1,199","1,034","240","3.6","2.4"
"MinorImprovement","Mountain Cave","0","1,527","1,343","1,078","287","4.2","2.7"
"MinorImprovement","Mud Patch","0","200","185","169","47","3.7","3.4"
"MinorImprovement","Muddy Bog","0","52","49","43","22","3.4","6.0"
"MinorImprovement","Muddy Land","0","1,286","1,163","980","279","3.4","3.1"
"MinorImprovement","Muddy Waters","0","1,323","1,258","1,115","351","3.3","3.8"
"MinorImprovement","Nail Basket","0","1,124","952","704","202","4.3","2.6"
"MinorImprovement","Necklace","1","1,149","342","207","50","5.9","0.6"
"MinorImprovement","Night Bazaar","0","1,030","604","396","118","5.7","1.6"
"MinorImprovement","Oak Cask","0","1,452","943","702","205","5.0","2.0"
"MinorImprovement","Open Fields","0","1,073","148","102","36","6.1","0.5"
"MinorImprovement","Open Gate","0","1,414","1,220","862","235","4.4","2.4"
"MinorImprovement","Orchard","0","1,380","1,249","827","247","4.4","2.6"
"MinorImprovement","Outhouse","0","990","398","202","41","5.7","0.6"
"MinorImprovement","Overgrown Pond","0","979","946","791","246","3.4","3.6"
"MinorImprovement","Ox Goad","1","1,320","1,114","873","274","3.6","3.0"
"MinorImprovement","Ox Skull","0","1,199","245","130","43","6.1","0.5"
"MinorImprovement","Ox Team","0","1,605","1,463","1,095","391","2.7","3.5"
"MinorImprovement","Oyster Recipe","0","929","570","357","82","5.4","1.3"
"MinorImprovement","Paintbrush","0","1,232","929","533","153","4.9","1.8"
"MinorImprovement","Panda","0","1,161","602","248","94","5.4","1.2"
"MinorImprovement","Paper Oven","1","869","679","456","132","4.6","2.2"
"MinorImprovement","Par Force Hunting","0","1,375","744","422","99","5.4","1.0"
"MinorImprovement","Parchment","0","1,166","1,002","686","251","3.4","3.1"
"MinorImprovement","Park Cemetary","0","1,582","1,392","1,218","359","3.7","3.2"
"MinorImprovement","Pastureland","0","1,279","1,044","762","257","4.3","2.9"
"MinorImprovement","Paved Road","0","1,269","920","367","121","5.3","1.4"
"MinorImprovement","Peasants Boutique","0","1,361","903","454","143","5.0","1.5"
"MinorImprovement","Pelts","0","1,631","1,565","1,314","461","2.5","4.0"
"MinorImprovement","Pepper Patch","0","954","734","516","128","4.9","1.9"
"MinorImprovement","Pet Door","0","1,179","583","308","68","5.6","0.8"
"MinorImprovement","Petting Zoo","0","1,571","1,452","979","295","3.3","2.7"
"MinorImprovement","Pig Wallow","0","1,375","1,111","828","265","4.5","2.8"
"MinorImprovement","Piggy Bank","0","1,250","976","753","211","4.1","2.4"
"MinorImprovement","Plane","0","1,143","177","89","21","5.9","0.3"
"MinorImprovement","Planter Box","0","1,539","1,432","1,324","415","3.3","3.9"
"MinorImprovement","Plow Feast","0","885","835","658","184","3.8","3.0"
"MinorImprovement","Plowman's Lunch","0","998","797","540","187","4.0","2.7"
"MinorImprovement","Plum Patch","0","1,559","1,516","1,189","388","2.8","3.6"
"MinorImprovement","Pole Barns","0","1,176","976","603","221","4.2","2.7"
"MinorImprovement","Popcorn","0","1,260","1,179","993","259","2.9","2.9"
"MinorImprovement","Postbox","0","335","190","153","32","4.6","1.4"
"MinorImprovement","Potato Dibber","0","1,389","758","448","118","5.6","1.2"
"MinorImprovement","Potatoes","0","1,025","994","788","249","3.2","3.5"
"MinorImprovement","Powder Keg","0","1,221","902","651","178","4.4","2.1"
"MinorImprovement","Present","0","918","777","625","194","5.0","3.0"
"MinorImprovement","Private Forest","0","1,424","1,307","1,100","312","3.3","3.1"
"MinorImprovement","Private Oven","0","979","907","569","171","3.8","2.5"
"MinorImprovement","Prize-winning Sheep","0","1,368","587","360","119","6.0","1.2"
"MinorImprovement","Prized Squash","0","1,289","1,188","783","253","3.2","2.8"
"MinorImprovement","Probiotic Food","0","1,183","1,027","766","217","4.6","2.6"
"MinorImprovement","Public Forest","0","1,246","1,047","780","215","4.0","2.5"
"MinorImprovement","Pumpkin Trellis","1","679","668","577","231","1.7","4.9"
"MinorImprovement","Punner","0","1,404","1,021","658","171","3.9","1.7"
"MinorImprovement","Quarry","0","1,539","1,539","1,421","491","1.1","4.6"
"MinorImprovement","Raft","0","1,416","861","542","109","4.9","1.1"
"MinorImprovement","Rake","0","1,354","1,261","894","287","4.0","3.0"
"MinorImprovement","Ram","0","1,314","873","504","151","5.0","1.6"
"MinorImprovement","Raspberries","0","1,574","1,535","1,467","437","2.7","4.0"
"MinorImprovement","Redcurrant","0","21","20","19","4","3.0","2.7"
"MinorImprovement","Reed Exchange","0","1,390","1,032","601","155","5.1","1.6"
"MinorImprovement","Reed Hut","1","20","7","5","3","1.3","2.1"
"MinorImprovement","Reed Nursery","0","1,299","938","484","134","5.3","1.5"
"MinorImprovement","Reed Pond","0","1,500","1,497","1,351","465","1.9","4.4"
"MinorImprovement","Renovation Materials","0","1,242","869","468","126","4.9","1.4"
"MinorImprovement","Riding Plow","0","1,502","1,419","1,302","381","2.0","3.6"
"MinorImprovement","River Mill","0","930","615","315","89","4.5","1.4"
"MinorImprovement","Rock Garden","0","1,190","788","576","126","5.4","1.5"
"MinorImprovement","Rock Pyramid","0","1,341","846","681","241","4.4","2.6"
"MinorImprovement","Rooster","0","814","784","557","170","3.6","3.0"
"MinorImprovement","Rope Fences","0","1,127","1,107","989","260","3.0","3.3"
"MinorImprovement","Rotherham Plow","0","1,407","1,167","954","198","3.7","2.0"
"MinorImprovement","Rotten Plow","0","1,225","414","302","77","5.2","0.9"
"MinorImprovement","Ruins","0","1,440","1,174","708","238","4.6","2.4"
"MinorImprovement","Rum Distillery","0","1,327","1,314","1,124","373","2.0","4.0"
"MinorImprovement","Runestone","0","984","901","561","165","4.1","2.4"
"MinorImprovement","Sack Cart","0","1,425","1,104","787","195","4.2","2.0"
"MinorImprovement","Salary","0","1,188","806","689","181","5.2","2.2"
"MinorImprovement","Salmon Fishing","0","404","233","161","46","5.0","1.6"
"MinorImprovement","Sapling","0","1,005","969","771","216","3.3","3.1"
"MinorImprovement","Sawhorse","0","1,522","1,456","1,347","354","2.5","3.3"
"MinorImprovement","Sawmill","0","1,448","788","408","133","5.4","1.3"
"MinorImprovement","Schnaps Distillery","0","1,076","716","311","92","5.0","1.2"
"MinorImprovement","Scrapyard Plow","0","969","793","712","219","3.5","3.2"
"MinorImprovement","Seal","0","1,203","1,073","825","212","4.0","2.5"
"MinorImprovement","Self Pasture","0","914","817","682","194","4.3","3.0"
"MinorImprovement","Shady Contract","0","1","1","1","0","6.0","0.0"
"MinorImprovement","Shared Wall","0","907","738","601","160","4.4","2.5"
"MinorImprovement","Shared Wall","0","907","738","601","160","4.4","2.5"
"MinorImprovement","Shears","0","1,229","695","422","92","5.1","1.1"
"MinorImprovement","Sheep Gate","0","13","8","6","0","5.4","0.0"
"MinorImprovement","Shepherd's Crook","0","1,347","842","638","164","5.2","1.7"
"MinorImprovement","Shepherd's Kitchen","0","873","666","402","102","4.8","1.7"
"MinorImprovement","Shepherd's Pipe","1","1,158","401","213","59","6.0","0.7"
"MinorImprovement","Shipyard","0","1,219","1,032","737","237","4.8","2.8"
"MinorImprovement","Simple Fireplace","0","1,403","1,333","1,087","319","3.8","3.2"
"MinorImprovement","Simple Oven","0","1,216","1,027","678","189","4.4","2.2"
"MinorImprovement","Simple Plow","0","540","455","395","80","3.8","2.1"
"MinorImprovement","Slapdash Renovation","0","1,609","1,526","1,371","393","2.9","3.5"
"MinorImprovement","Slaughter-house","1","1,095","341","142","42","6.0","0.5"
"MinorImprovement","Sleeping Corner","0","1,429","1,405","1,032","311","2.3","3.1"
"MinorImprovement","Snack Time","0","1,229","811","664","193","4.9","2.2"
"MinorImprovement","Sofa","0","1,353","1,030","698","223","4.3","2.4"
"MinorImprovement","Spade","0","1,177","716","421","108","5.6","1.3"
"MinorImprovement","Spam","0","101","86","69","18","4.2","2.5"
"MinorImprovement","Spare Fence Posts","0","1,151","1,018","853","239","4.4","3.0"
"MinorImprovement","Spices","0","1,229","406","281","79","6.0","0.9"
"MinorImprovement","Spindle","0","1,160","360","195","42","5.9","0.5"
"MinorImprovement","Spinney","0","1,475","1,419","1,230","321","2.6","3.1"
"MinorImprovement","Spit Roast","0","1,184","245","106","15","6.0","0.2"
"MinorImprovement","Stable","0","1,429","1,021","776","193","5.3","1.9"
"MinorImprovement","Star Classification Meal","0","1,357","1,147","730","252","4.4","2.7"
"MinorImprovement","Steamer","0","1,364","737","440","109","5.1","1.1"
"MinorImprovement","Steel Plow","0","1,596","1,560","1,417","394","1.8","3.5"
"MinorImprovement","Stone Axe","0","1,195","1,042","766","210","4.1","2.5"
"MinorImprovement","Stone Cart","0","1,405","1,031","612","175","4.7","1.8"
"MinorImprovement","Stone Chimney","0","1,190","1,110","614","234","3.8","2.8"
"MinorImprovement","Stone Exchange","0","1,399","1,076","709","184","5.2","1.9"
"MinorImprovement","Stone Giant","0","1,131","1,020","618","159","4.2","2.0"
"MinorImprovement","Stone House Extension","0","1,396","1,251","785","246","3.6","2.5"
"MinorImprovement","Stone House Reconstruction","0","1,505","1,395","982","277","3.9","2.6"
"MinorImprovement","Stone Tongs","0","1,440","855","473","116","5.5","1.2"
"MinorImprovement","Stone Weir","0","1,239","1,180","917","217","3.6","2.5"
"MinorImprovement","Storage Shed","0","1,444","1,102","837","302","4.4","3.0"
"MinorImprovement","Story Books","0","1,028","851","647","211","4.3","2.9"
"MinorImprovement","Straw","0","1,221","1,004","595","170","4.9","2.0"
"MinorImprovement","Straw-Thatched Hut","0","1,487","1,337","926","315","3.0","3.0"
"MinorImprovement","Straw-thatched Roof","0","1,352","1,146","688","233","3.9","2.5"
"MinorImprovement","Strawberry Patch","0","1,344","1,309","859","314","3.3","3.3"
"MinorImprovement","Sunday School","0","1,477","1,325","1,080","290","3.7","2.8"
"MinorImprovement","Sundial","0","1,243","1,003","656","160","4.5","1.8"
"MinorImprovement","Sunflower Farm","1","871","869","530","200","2.3","3.3"
"MinorImprovement","Supply Exchange","0","1,250","902","583","154","5.0","1.8"
"MinorImprovement","Swan Lake","0","1,603","1,601","1,401","453","1.6","4.0"
"MinorImprovement","Swimming Studio","0","1,393","1,050","701","150","4.7","1.5"
"MinorImprovement","Swing Plow","0","1,665","1,544","1,383","409","2.3","3.5"
"MinorImprovement","Syrup Tap","0","1,208","962","684","173","4.7","2.0"
"MinorImprovement","Tavern","0","1,307","581","205","75","5.7","0.8"
"MinorImprovement","Tea","0","1,188","657","291","74","5.8","0.9"
"MinorImprovement","The Port Le Havre","0","1,437","863","476","147","5.5","1.5"
"MinorImprovement","Threshing Board","0","960","280","103","23","6.0","0.3"
"MinorImprovement","Threshing Machine Plow","0","1,337","1,199","1,127","335","3.5","3.6"
"MinorImprovement","Thunderbolt","0","1,219","658","349","112","5.6","1.3"
"MinorImprovement","Tide Mill","0","1,018","821","491","141","4.7","2.0"
"MinorImprovement","Timetable","0","1,382","988","767","204","5.0","2.1"
"MinorImprovement","Town Hall","0","1,208","1,017","645","201","4.5","2.4"
"MinorImprovement","Treasure Map","0","1,325","1,252","1,063","332","2.2","3.6"
"MinorImprovement","Trees for the Citizens","0","1,370","1,273","887","299","3.6","3.1"
"MinorImprovement","Trip to the Lake","0","1,389","903","576","126","4.8","1.3"
"MinorImprovement","Tuileries Garden","0","1,324","1,171","811","226","3.4","2.4"
"MinorImprovement","Tunnel","0","564","473","305","81","4.4","2.1"
"MinorImprovement","Turnip Field","0","1,594","1,583","1,414","435","1.9","3.9"
"MinorImprovement","Turnwrest Plow","0","1,422","1,324","1,137","292","3.0","2.9"
"MinorImprovement","Twibil and Twivel","0","1,281","1,169","973","284","3.4","3.2"
"MinorImprovement","Underground Shed","0","845","441","239","69","4.8","1.2"
"MinorImprovement","Undisturbed Pond","0","1,416","883","668","218","4.6","2.2"
"MinorImprovement","Unwanted Goods","0","1,215","807","706","199","5.2","2.3"
"MinorImprovement","Upholstery","0","1,170","917","727","220","4.9","2.7"
"MinorImprovement","Vegetable Harvest","0","1,397","641","426","102","5.7","1.0"
"MinorImprovement","Viking Ship","0","529","467","334","85","3.4","2.3"
"MinorImprovement","Village School","0","1,465","1,233","948","334","3.9","3.3"
"MinorImprovement","Village Well","0","1,434","1,034","591","203","4.5","2.0"
"MinorImprovement","Water Mill","1","660","59","11","1","6.3","0.0"
"MinorImprovement","Watering Can","0","1,454","900","422","129","5.7","1.3"
"MinorImprovement","Weekly Market","0","1,091","342","155","50","5.7","0.7"
"MinorImprovement","Whale Oil","0","1,236","1,044","827","235","3.5","2.7"
"MinorImprovement","Whistle","0","1,238","917","679","202","4.6","2.3"
"MinorImprovement","Wild Breeding","0","1,345","617","335","92","6.1","1.0"
"MinorImprovement","Wild Chickens","0","404","353","289","75","4.3","2.7"
"MinorImprovement","Wild Fruit","0","977","966","897","254","2.9","3.7"
"MinorImprovement","Wild Game","0","1,311","545","305","86","5.8","0.9"
"MinorImprovement","Wild Greens","0","1,152","884","710","193","5.0","2.4"
"MinorImprovement","Wildlife Reserve","0","1,396","968","548","136","5.1","1.4"
"MinorImprovement","Windmill","1","1,024","251","68","25","6.1","0.3"
"MinorImprovement","Wine Closet","0","1,397","871","478","125","5.0","1.3"
"MinorImprovement","Winter Deadwood","0","1,297","1,055","822","242","5.0","2.7"
"MinorImprovement","Winter Pond","0","1,295","1,263","1,143","363","3.0","4.0"
"MinorImprovement","Wishing Fountain","0","1,179","750","368","119","4.8","1.4"
"MinorImprovement","Witches' Dance Ground","0","1,280","1,146","933","271","4.2","3.0"
"MinorImprovement","Wood Cart","0","1,369","1,313","1,034","283","2.9","3.0"
"MinorImprovement","Wood Saw","0","1,330","580","198","47","5.6","0.5"
"MinorImprovement","Wood-fired Oven","0","1,346","877","402","112","5.1","1.2"
"MinorImprovement","Wooden Crane","0","1,209","464","175","41","5.6","0.5"
"MinorImprovement","Wooden Hut Extension","1","9","7","4","2","2.0","3.2"
"MinorImprovement","Wooden Path","0","1,303","1,195","933","275","4.3","3.0"
"MinorImprovement","Wooden Strongbox","0","1,437","936","652","231","4.6","2.3"
"MinorImprovement","Woodwork","0","926","338","164","37","5.6","0.6"
"MinorImprovement","Working Gloves","1","1,331","1,103","918","248","3.8","2.7"
"MinorImprovement","Worm Bait","0","1,352","686","499","132","5.2","1.4"
"MinorImprovement","Writing Chamber","0","8","3","2","0","5.3","0.0"
"MinorImprovement","Writing Desk","0","1,582","1,480","1,233","355","3.1","3.2"
"MinorImprovement","Yoke","0","1,352","878","418","132","4.8","1.4"
"Occupation","Academic","0","1,075","369","99","29","6.0","0.4"
"Occupation","Acater","0","972","725","388","101","4.6","1.5"
"Occupation","Acquirer","0","1,238","1,183","1,055","352","2.1","4.1"
"Occupation","Acrobat","0","1,335","1,041","709","168","4.4","1.8"
"Occupation","Adoptive Parents","0","1,353","1,032","690","224","5.2","2.4"
"Occupation","Agrarian","0","1,001","113","36","7","6.0","0.1"
"Occupation","Alms Collector","0","1,134","624","455","146","4.8","1.8"
"Occupation","Amazon","0","1,274","285","90","25","6.2","0.3"
"Occupation","Animal Breeder","0","1,584","1,580","1,517","428","1.7","3.9"
"Occupation","Animal Buyer","0","1,299","958","518","161","5.3","1.8"
"Occupation","Animal Dealer","0","1,319","1,151","692","204","4.7","2.2"
"Occupation","Animal Farmer","0","688","674","549","180","2.2","3.7"
"Occupation","Animal Handler","0","1,181","409","149","36","6.2","0.4"
"Occupation","Animal Husbandry Worker","0","1,233","1,213","1,132","337","2.2","3.9"
"Occupation","Animal Keeper","0","991","282","66","14","6.3","0.2"
"Occupation","Animal Renovator","0","1,037","933","571","158","4.5","2.2"
"Occupation","Animal Tamer","0","986","432","178","51","6.0","0.7"
"Occupation","Animal Tamer's Apprentice","0","1,168","721","358","131","5.1","1.6"
"Occupation","Animal Trainer","0","1,010","150","43","7","5.9","0.1"
"Occupation","Animal Welfarist","0","1,317","715","359","81","5.6","0.9"
"Occupation","Apple Picker","0","1,323","1,191","934","230","3.8","2.5"
"Occupation","Appraiser","0","556","453","246","66","4.5","1.7"
"Occupation","Archer","0","1,122","356","134","36","6.1","0.5"
"Occupation","Art Director","0","1,312","1,239","978","239","3.2","2.6"
"Occupation","Award Winner","0","1,113","366","99","25","6.0","0.3"
"Occupation","Baker","0","1,305","1,037","594","181","4.8","2.0"
"Occupation","Baker's Servant","1","1,046","936","789","294","2.5","4.0"
"Occupation","Balance Farmer","0","867","475","235","88","5.5","1.5"
"Occupation","Banana Worker","0","390","347","248","70","4.5","2.6"
"Occupation","Banker","1","715","63","19","4","6.5","0.1"
"Occupation","Barbecue Man","1","961","210","47","11","6.2","0.2"
"Occupation","Bargain Hunter","0","1,096","574","313","88","5.6","1.1"
"Occupation","Bargaining Baker","0","1,466","1,425","1,288","318","2.4","3.1"
"Occupation","Bargaining Harvester","0","898","770","508","161","4.4","2.6"
"Occupation","Barn Master","0","993","923","646","232","3.5","3.3"
"Occupation","Barrel Maker","0","920","883","764","244","2.8","3.8"
"Occupation","Basin Maker","0","1,190","368","106","32","6.0","0.4"
"Occupation","Basketmaker","0","1,316","847","480","139","5.5","1.5"
"Occupation","Beastmaster","0","1,127","782","342","111","5.3","1.4"
"Occupation","Beauty and the Beast","0","589","569","534","174","2.2","4.2"
"Occupation","Bee Keeper","0","1,349","1,137","844","245","4.5","2.6"
"Occupation","Benefactor","0","1,380","1,339","1,100","369","2.6","3.8"
"Occupation","Berry Picker","0","1,303","981","675","135","4.8","1.5"
"Occupation","Blackberry Farmer","0","1,102","557","257","52","5.5","0.7"
"Occupation","Blacksmith","1","1,286","1,168","948","304","3.7","3.4"
"Occupation","Boar Lord","0","940","877","638","218","3.7","3.3"
"Occupation","Boat Constructor","0","527","474","313","59","3.7","1.6"
"Occupation","Boatswain","0","1,514","1,428","1,341","398","1.8","3.8"
"Occupation","Bone Collector","0","801","531","300","114","5.3","2.0"
"Occupation","Borrower","0","1,358","1,162","784","259","4.6","2.7"
"Occupation","Botanist","0","984","903","684","236","3.6","3.4"
"Occupation","Bowyer","0","856","477","209","58","5.9","1.0"
"Occupation","Braggart","1","227","227","222","105","1.0","6.6"
"Occupation","Braid Maker","0","1,061","836","457","132","4.9","1.8"
"Occupation","Branch Collector","0","1,165","675","326","91","5.7","1.1"
"Occupation","Bread Carrier","0","1,349","719","299","82","5.8","0.9"
"Occupation","Bread Seller","0","958","179","36","9","6.2","0.1"
"Occupation","Bricklayer","0","1,409","1,338","936","262","3.7","2.7"
"Occupation","Brush Maker","0","1,359","854","396","132","5.6","1.4"
"Occupation","Brushwood Collector","0","1,286","995","527","128","4.5","1.4"
"Occupation","Building Planner","0","897","605","357","104","4.8","1.7"
"Occupation","Burger Flipper","0","1,201","1,068","753","163","4.1","1.9"
"Occupation","Business Tutor","0","998","962","765","242","2.8","3.5"
"Occupation","Businessman","0","1,184","780","345","102","5.5","1.2"
"Occupation","Butcher","0","932","103","22","7","6.5","0.1"
"Occupation","Butterfly Catcher","0","28","24","22","3","4.0","1.5"
"Occupation","Cabbage Lover","0","1,546","1,427","1,217","366","3.0","3.4"
"Occupation","Cabinet Owner","0","511","495","387","109","3.7","3.0"
"Occupation","Cabinetmaker","0","1,160","317","147","49","5.9","0.6"
"Occupation","Cactus Lover","0","821","724","468","149","4.4","2.6"
"Occupation","Card Player","0","1,053","214","100","38","5.8","0.5"
"Occupation","Carpenter","0","1,367","1,225","834","235","4.2","2.5"
"Occupation","Carrot Farmer","0","814","591","365","87","4.7","1.5"
"Occupation","Casino Manager","0","1,122","1,060","854","263","3.2","3.3"
"Occupation","Cat Lover","0","1,327","1,265","960","275","2.8","3.0"
"Occupation","Cattle Breeder","0","1,357","1,262","919","283","4.3","3.0"
"Occupation","Cattle Dealer","0","1,278","1,231","1,059","275","3.2","3.1"
"Occupation","Cattle Rancher","0","1,001","955","660","159","3.3","2.3"
"Occupation","Cattle Whisperer","0","1,109","421","201","58","5.7","0.7"
"Occupation","Chairman","0","317","142","104","35","4.0","1.6"
"Occupation","Chamberlain","1","510","490","479","167","1.4","4.7"
"Occupation","Champion Breeder","0","1,216","1,196","925","313","2.2","3.7"
"Occupation","Charcoal Burner","0","1,508","1,506","1,469","481","1.5","4.6"
"Occupation","Cheapskate","0","1,155","1,101","955","265","3.7","3.3"
"Occupation","Chemist","0","1,253","363","153","33","6.0","0.4"
"Occupation","Chess Player","0","874","756","475","109","4.4","1.8"
"Occupation","Chief","0","1,533","1,447","1,096","425","2.7","4.0"
"Occupation","Chief Forester","0","174","106","71","21","4.9","1.7"
"Occupation","Chief's Daughter","0","1,486","1,419","1,040","365","3.1","3.5"
"Occupation","Child Care Worker","0","1,276","751","443","115","5.5","1.3"
"Occupation","Child Psychologist","0","1,249","1,182","1,068","382","2.1","4.4"
"Occupation","Chimney Sweep","1","987","507","206","51","5.6","0.7"
"Occupation","Church Warden","0","1,332","1,302","1,050","320","3.1","3.4"
"Occupation","Circus Manager","0","1,323","1,273","1,204","373","1.9","4.0"
"Occupation","Clay Deliveryman","0","1,398","1,151","722","216","4.9","2.2"
"Occupation","Clay Digger","0","954","135","41","10","6.3","0.2"
"Occupation","Clay Firer","0","1,054","388","103","28","6.1","0.4"
"Occupation","Clay Hut Builder","0","1,339","1,193","786","259","4.6","2.8"
"Occupation","Clay Mixer","0","1,272","670","348","77","5.4","0.9"
"Occupation","Clay Plasterer","0","1,365","966","528","137","5.3","1.4"
"Occupation","Clay Seller","0","1,401","1,065","541","148","5.5","1.5"
"Occupation","Clay Starter","0","881","695","418","107","4.4","1.7"
"Occupation","Clay Worker","0","1,287","920","556","121","5.1","1.3"
"Occupation","Clerk","0","1,178","542","286","69","5.6","0.8"
"Occupation","Cloister Dweller","0","1,550","1,514","1,370","440","2.4","4.1"
"Occupation","Coal Investor","0","1,106","1,038","886","287","3.5","3.7"
"Occupation","Coal Miner","0","939","462","177","42","5.8","0.6"
"Occupation","Cocotte","0","1,337","1,182","778","177","4.0","1.9"
"Occupation","Colliery Overman","0","521","448","272","86","4.1","2.4"
"Occupation","Commercial Baker","1","1,254","1,180","1,022","285","2.7","3.2"
"Occupation","Compost Farmer","0","988","790","473","104","4.6","1.5"
"Occupation","Conjurer","0","1,007","555","300","67","5.2","1.0"
"Occupation","Conservator","0","1,341","1,220","887","240","4.2","2.6"
"Occupation","Constable","0","1,351","1,287","923","293","2.6","3.1"
"Occupation","Contractor","0","1,306","1,007","545","165","5.0","1.8"
"Occupation","Convict Number 24601","0","1,372","1,217","807","314","4.5","3.3"
"Occupation","Cook","0","1,325","512","261","83","6.1","0.9"
"Occupation","Cookery Seller","0","474","383","299","85","4.3","2.6"
"Occupation","Cooking Instructor","1","527","60","14","6","6.3","0.2"
"Occupation","Corn Profiteer","1","1,003","202","74","14","6.2","0.2"
"Occupation","Cottar","0","726","129","50","14","6.2","0.3"
"Occupation","Country Doctor","0","1,468","1,441","1,118","319","2.0","3.1"
"Occupation","Countryman","0","1,325","837","462","131","5.2","1.4"
"Occupation","Covetous Farmer","0","1,078","276","113","24","6.2","0.3"
"Occupation","Cowboy","0","1,332","829","404","89","5.5","1.0"
"Occupation","Cowboy And Mother","0","1,150","1,000","780","198","3.6","2.5"
"Occupation","Cowherd","0","1,316","752","306","88","5.8","1.0"
"Occupation","Craft Teacher","0","3","3","3","1","4.0","4.8"
"Occupation","Crop Farmer","0","516","450","321","92","3.7","2.5"
"Occupation","Crop Rotator","0","1,257","1,157","822","247","4.3","2.8"
"Occupation","Dairy Crier","0","1,185","1,145","929","248","4.1","3.0"
"Occupation","Dancer","0","1,316","1,080","710","136","4.2","1.5"
"Occupation","Debris Dealer","0","1,233","827","471","154","5.4","1.8"
"Occupation","Debt Collector","0","1,547","1,477","1,348","401","2.5","3.7"
"Occupation","Dentist","1","1,186","717","419","108","5.2","1.3"
"Occupation","Diligent Farmer","0","1,332","1,248","736","282","3.3","3.0"
"Occupation","Diplomat","0","1,400","1,290","930","234","4.2","2.4"
"Occupation","Dock Worker","0","1,196","229","76","20","6.4","0.2"
"Occupation","Dove Hunter","0","1,265","1,133","795","250","4.3","2.8"
"Occupation","Drawing Genius","0","1,302","653","287","91","5.7","1.0"
"Occupation","Drinker of Absinthe","0","1,251","841","486","117","5.3","1.3"
"Occupation","Drunkard","0","879","818","681","195","2.9","3.2"
"Occupation","Dung Collector","0","1,279","1,132","896","302","3.4","3.4"
"Occupation","Dusk Worker","0","981","942","832","256","3.4","3.7"
"Occupation","Eager Student","1","867","515","310","108","5.0","1.8"
"Occupation","Early Expert","0","360","209","97","28","5.5","1.1"
"Occupation","Educator","0","1,537","1,534","1,488","470","1.2","4.4"
"Occupation","Elder's Daughter","0","1,020","961","669","180","4.0","2.5"
"Occupation","Employee of the Month","0","1,044","1,017","871","323","2.8","4.4"
"Occupation","Engineer","0","1,506","1,473","1,376","395","2.3","3.7"
"Occupation","Engineering Apprentice","0","1,316","1,314","1,292","407","1.7","4.4"
"Occupation","Entrepreneur","0","1,118","279","131","44","5.9","0.6"
"Occupation","Eremite","0","1,201","1,047","813","270","3.5","3.2"
"Occupation","Estate Manager","0","1,285","486","119","36","6.1","0.4"
"Occupation","Experienced Farmer","0","972","686","377","128","4.7","1.9"
"Occupation","Expert Builder","0","1,297","499","236","48","5.7","0.5"
"Occupation","Family Counselor","0","1,167","1,126","1,068","296","2.2","3.6"
"Occupation","Family Physician","0","857","657","471","88","4.6","1.5"
"Occupation","Family Planner","0","1,229","200","90","14","5.6","0.2"
"Occupation","Farm Overseer","0","918","865","587","206","3.6","3.2"
"Occupation","Farm School Graduate","0","1,311","885","629","254","3.8","2.8"
"Occupation","Farm Steward","0","1,471","1,462","1,324","407","1.6","4.0"
"Occupation","Farm Worker","0","992","929","737","182","3.8","2.6"
"Occupation","Farmer","0","1,300","1,042","637","177","5.0","1.9"
"Occupation","Fence Builder","0","1,039","520","225","62","5.7","0.9"
"Occupation","Fence Dealer","0","1,208","1,142","937","283","3.6","3.3"
"Occupation","Fence Deliveryman","0","1,306","1,079","809","190","4.3","2.1"
"Occupation","Fence Overseer","0","1,275","1,250","1,081","303","2.6","3.4"
"Occupation","Fencer","0","1,186","867","496","152","5.4","1.8"
"Occupation","Fencing Master","0","1,514","1,458","1,412","334","2.3","3.2"
"Occupation","Fiddler","0","1,243","533","294","103","5.4","1.2"
"Occupation","Field Agent","0","854","813","589","131","3.5","2.2"
"Occupation","Field Barterer","1","997","962","873","237","3.0","3.4"
"Occupation","Field Doctor","0","1,252","1,240","1,075","327","2.0","3.7"
"Occupation","Field Warden","0","1,537","1,490","1,370","416","2.3","3.9"
"Occupation","Field Watchman","0","1,504","1,501","1,494","467","1.2","4.4"
"Occupation","Field Worker","1","889","84","29","9","6.4","0.1"
"Occupation","Fieldsman","0","1,260","569","238","82","6.0","0.9"
"Occupation","Firewood Collector","0","142","118","84","17","4.4","1.7"
"Occupation","Fisherman","0","1,281","545","291","47","5.5","0.5"
"Occupation","Food Connoisseur","0","1,329","1,220","1,004","220","3.6","2.4"
"Occupation","Football Player","0","1,050","547","217","73","5.9","1.0"
"Occupation","Foreman","0","1,272","449","225","71","6.0","0.8"
"Occupation","Forest Farmer","0","1,296","1,176","931","252","4.1","2.8"
"Occupation","Forester","0","1,327","558","247","84","5.8","0.9"
"Occupation","Frame Builder","0","1,014","419","161","38","5.8","0.5"
"Occupation","Fresh Dirt Worker","0","920","907","809","307","2.1","4.8"
"Occupation","Fresh Fence Worker","0","968","725","384","115","4.7","1.7"
"Occupation","Friendly Worker","0","1,172","762","352","73","5.5","0.9"
"Occupation","Furrier","0","556","377","203","64","4.9","1.6"
"Occupation","Gardener","0","1,297","1,118","754","238","4.6","2.6"
"Occupation","Gardener's Wife","0","742","562","376","131","4.6","2.5"
"Occupation","Gardening Enthusiast","0","1,274","1,091","858","238","4.4","2.7"
"Occupation","Gelder","0","796","695","412","118","4.5","2.1"
"Occupation","Gem Hunter","0","1,141","434","166","28","5.8","0.4"
"Occupation","Giant","0","1,145","832","547","171","5.1","2.1"
"Occupation","Gleaner","1","613","385","195","77","5.5","1.8"
"Occupation","Gluten Free Baker","0","1,174","1,037","648","210","4.0","2.6"
"Occupation","Godfather","0","1,316","805","442","136","5.5","1.5"
"Occupation","Good Friend","0","1,275","996","677","151","5.0","1.7"
"Occupation","Graduate","0","926","889","480","146","3.6","2.3"
"Occupation","Grain Lover","0","1,084","981","799","189","3.0","2.5"
"Occupation","Grain Seller","0","1,293","1,288","1,114","345","1.8","3.8"
"Occupation","Grain Speculator","0","1,316","1,286","1,138","324","2.8","3.5"
"Occupation","Grantor","0","1,030","992","777","251","3.9","3.5"
"Occupation","Greengrocer","0","1,373","1,249","992","226","3.9","2.4"
"Occupation","Grocer","0","1,399","1,397","1,351","446","1.4","4.6"
"Occupation","Groom","0","964","630","303","72","5.3","1.1"
"Occupation","Groupie","1","1,120","614","304","73","5.4","0.9"
"Occupation","Guild Farmer","0","381","216","137","51","4.9","1.9"
"Occupation","Guildmaster","0","1,340","1,251","967","287","3.6","3.1"
"Occupation","Gym Trainer","0","1,083","463","204","74","6.1","1.0"
"Occupation","Haberdasher","0","1,105","946","644","202","4.5","2.6"
"Occupation","Ham Glazer","0","1,069","595","302","81","5.7","1.1"
"Occupation","Handmaid","0","1,237","1,183","732","227","3.6","2.6"
"Occupation","Harvest Helper","1","1,104","635","332","110","5.7","1.4"
"Occupation","Harvester","0","1,389","1,336","1,045","307","3.2","3.2"
"Occupation","Hasty Trader","0","1,092","742","414","125","5.4","1.6"
"Occupation","Head Of The Revolution","0","1,270","1,216","885","289","3.7","3.3"
"Occupation","Head of the Family","0","1,560","1,549","1,359","353","2.0","3.2"
"Occupation","Hedge Keeper","0","1,335","1,308","1,094","275","3.4","2.9"
"Occupation","Hedge Master","0","1,480","1,442","1,360","402","2.7","3.9"
"Occupation","Heiress","0","1,337","1,065","652","202","4.3","2.2"
"Occupation","Hen Keeper","0","948","701","359","124","5.2","1.9"
"Occupation","Herdsman","0","1,337","1,210","774","177","4.2","1.9"
"Occupation","Hewer","0","1,220","1,128","996","336","2.5","3.9"
"Occupation","Hide Farmer","0","1,349","923","487","137","5.5","1.5"
"Occupation","Hill Bandit","0","1,159","1,137","980","285","2.8","3.5"
"Occupation","Hill Cultivator","0","1,167","1,043","765","172","4.0","2.1"
"Occupation","Hill Farmer","0","1,327","1,277","1,081","250","3.0","2.7"
"Occupation","Hoarder","0","1,345","1,321","1,014","257","3.6","2.7"
"Occupation","Hobby Farmer","0","1,497","1,374","1,214","329","3.4","3.1"
"Occupation","Homesteader","0","561","422","326","124","4.7","3.2"
"Occupation","Honour Student","0","638","447","364","73","4.2","1.6"
"Occupation","Horseman","0","1,219","857","435","158","5.4","1.9"
"Occupation","House Steward","0","1,514","1,373","1,063","337","3.6","3.2"
"Occupation","Humble Farmboy","0","1,334","1,117","760","198","4.5","2.1"
"Occupation","Hunter","0","1,274","813","400","95","5.4","1.1"
"Occupation","Hut Builder","0","1,503","1,442","1,325","386","2.0","3.7"
"Occupation","Ice Cream Seller","0","388","350","268","85","4.1","3.1"
"Occupation","Immigrants Son","0","1,524","1,468","1,265","378","2.6","3.5"
"Occupation","Indentured Servant","0","1,188","928","473","134","5.1","1.6"
"Occupation","Innovative Builder","0","102","80","36","13","4.1","1.8"
"Occupation","Inventory Manager","0","1,132","1,042","831","261","3.9","3.3"
"Occupation","Jeweler","1","900","611","371","144","5.3","2.3"
"Occupation","Joiner","0","1,360","1,272","1,147","300","2.5","3.2"
"Occupation","Journeyman","0","1,265","1,081","606","213","4.5","2.4"
"Occupation","Juggler","0","1,180","451","243","42","5.5","0.5"
"Occupation","Junior Partner","0","1,012","753","387","109","5.4","1.5"
"Occupation","Junk Dealer","0","875","320","142","30","6.0","0.5"
"Occupation","Kelp Gatherer","1","1,177","1,009","732","183","4.2","2.2"
"Occupation","Khnum","0","870","711","280","76","4.7","1.2"
"Occupation","Kosher Butcher","1","912","245","88","19","6.2","0.3"
"Occupation","Lady in Waiting","0","1,502","1,456","1,376","336","2.0","3.2"
"Occupation","Lady of the Manor","0","1,259","1,201","918","292","3.3","3.3"
"Occupation","Lady with lamp","0","100","56","37","13","5.6","1.9"
"Occupation","Land Agent","0","1,353","1,297","1,106","324","3.4","3.4"
"Occupation","Land Surveyor","0","1,141","685","360","108","5.5","1.4"
"Occupation","Landscape Gardener","0","1,478","1,395","1,156","313","2.9","3.0"
"Occupation","Layabout","0","1,311","1,028","693","204","5.2","2.2"
"Occupation","Lemon Trader","0","1,247","815","414","133","5.3","1.5"
"Occupation","Livestock Expert","0","1,189","973","547","152","4.9","1.8"
"Occupation","Livestock Keeper","0","1,499","1,384","1,123","371","3.6","3.5"
"Occupation","Longbowman","0","702","129","33","13","6.4","0.3"
"Occupation","Lord of the Manor","0","1,568","1,565","1,218","471","2.0","4.3"
"Occupation","Lover","1","23","22","22","11","1.4","6.8"
"Occupation","Lumberjack","0","213","118","87","32","5.6","2.1"
"Occupation","Magician","0","1,352","1,225","987","241","3.4","2.5"
"Occupation","Maid","0","1,234","510","208","44","6.0","0.5"
"Occupation","Mailman","0","1,315","711","358","118","6.0","1.3"
"Occupation","Major","0","592","467","339","63","4.6","1.5"
"Occupation","Manservant","0","1,336","1,131","663","200","4.1","2.1"
"Occupation","Manual Labourer","0","1,144","520","306","94","5.6","1.2"
"Occupation","Manufacturer","0","1,311","1,210","842","241","4.0","2.6"
"Occupation","Manure Shoveler","0","929","894","730","265","3.0","4.1"
"Occupation","Margrave","0","1,139","744","366","114","5.7","1.4"
"Occupation","Market Crier","0","1,354","1,082","856","176","4.7","1.9"
"Occupation","Market Woman","0","1,537","1,507","1,429","414","2.0","3.8"
"Occupation","Martial Artist","0","1,184","404","197","71","5.8","0.9"
"Occupation","Mason","0","1,554","1,502","1,314","470","1.9","4.3"
"Occupation","Mason's Apprentice","1","1,094","1,013","603","212","3.1","2.8"
"Occupation","Master Baker","0","1,021","190","35","9","6.2","0.1"
"Occupation","Master Brewer","0","1,160","397","135","37","6.1","0.5"
"Occupation","Master Builder","0","1,328","888","523","213","5.2","2.3"
"Occupation","Master Cook","0","1,300","1,131","912","257","3.7","2.8"
"Occupation","Master Fencer","0","1,155","1,041","699","206","3.9","2.5"
"Occupation","Master Forester","0","1,175","325","168","40","5.9","0.5"
"Occupation","Master Huntsman","0","1,330","1,264","1,137","347","2.5","3.7"
"Occupation","Master Renovator","0","1,250","727","307","87","5.3","1.0"
"Occupation","Master Shepherd","0","1,354","1,075","613","174","5.3","1.8"
"Occupation","Master Stableman","0","1,314","1,265","993","244","3.2","2.7"
"Occupation","Master Tanner","0","1,185","1,124","664","172","3.5","2.1"
"Occupation","Mastermind","0","1,269","969","620","171","4.7","1.9"
"Occupation","Mayor Candidate","0","1,098","924","670","209","4.2","2.7"
"Occupation","Mbaba Mwana","0","590","558","358","118","2.9","2.9"
"Occupation","Meat-seller","0","1,301","386","117","31","6.2","0.3"
"Occupation","Mendicant","0","1,303","755","355","112","5.9","1.2"
"Occupation","Merchant","0","1,367","539","216","62","6.1","0.6"
"Occupation","Merchant Plowman","0","1,191","1,132","878","285","3.7","3.4"
"Occupation","Meticulous Men","0","941","569","328","84","5.4","1.3"
"Occupation","Midnight Fencer","1","1,186","584","269","95","6.0","1.1"
"Occupation","Midwife","1","639","104","36","11","6.4","0.2"
"Occupation","Milking Hand","0","1,448","1,379","1,062","354","3.0","3.5"
"Occupation","Miller","0","1,184","838","426","127","5.3","1.5"
"Occupation","Minimalist","0","1,113","653","285","106","5.3","1.4"
"Occupation","Miser","0","1,302","1,088","706","211","4.5","2.3"
"Occupation","Mountain Plowman","0","1,159","1,039","722","211","4.4","2.6"
"Occupation","Mushroom Collector","0","1,341","935","588","112","4.8","1.2"
"Occupation","Musketeer","0","1,012","272","89","22","6.2","0.3"
"Occupation","Native","0","450","437","425","152","1.6","4.8"
"Occupation","Naturalist","0","978","826","523","156","4.5","2.3"
"Occupation","Net Fisherman","0","1,066","323","140","25","5.7","0.3"
"Occupation","Nile Farmer","0","528","476","388","86","3.5","2.3"
"Occupation","Ninja","0","1,269","1,244","1,158","373","1.9","4.2"
"Occupation","Noble","1","1,227","1,186","1,039","336","1.8","3.9"
"Occupation","Novelist","0","4","4","2","0","5.5","0.0"
"Occupation","Nurse Maid","0","1,004","501","292","106","5.6","1.5"
"Occupation","Oceanographer","0","1,343","1,094","741","194","4.6","2.1"
"Occupation","Officer","0","1,213","1,175","993","310","2.0","3.7"
"Occupation","Old Crafter","0","613","510","373","119","4.7","2.8"
"Occupation","Old Hiker","0","1,129","1,037","925","305","4.2","3.9"
"Occupation","Old Miser","1","1,185","305","177","56","5.4","0.7"
"Occupation","Omnifarmer","0","1,242","1,201","925","311","3.2","3.6"
"Occupation","Organic Farmer","0","1,350","1,053","550","206","5.3","2.2"
"Occupation","Organised Handyman","0","1,197","1,085","686","204","4.4","2.4"
"Occupation","Outrider","0","1,288","582","319","97","5.6","1.1"
"Occupation","Oven Admirer","0","883","785","570","185","4.0","3.0"
"Occupation","Oven Inspector","0","1,126","917","619","137","4.9","1.7"
"Occupation","Over Achiever","0","1,278","1,176","960","371","3.0","4.1"
"Occupation","Paleontologist","1","707","597","355","94","4.3","1.9"
"Occupation","Parquet Setter","0","1,296","983","677","212","5.1","2.3"
"Occupation","Part Time Builder","0","1,242","1,087","851","211","3.8","2.4"
"Occupation","Parvenu","0","1,129","795","384","130","5.4","1.6"
"Occupation","Pasteurization Expert","0","1,320","1,228","809","230","4.4","2.5"
"Occupation","Pastor","0","1,386","1,040","532","171","5.3","1.8"
"Occupation","Pasture Lover","1","979","931","699","187","2.8","2.7"
"Occupation","Pasture Planner","0","1,131","1,098","952","201","3.2","2.5"
"Occupation","Patron","0","1,542","1,540","1,485","425","1.9","3.9"
"Occupation","Patroness","0","1,390","1,377","1,354","438","1.6","4.5"
"Occupation","Pawnbroker","0","931","85","17","6","6.4","0.1"
"Occupation","Pear Peeler","0","1,311","1,001","645","175","4.7","1.9"
"Occupation","Peasant","0","1,190","1,055","775","184","4.1","2.2"
"Occupation","Pen Builder","0","1,155","654","311","83","5.4","1.0"
"Occupation","Peon","0","1,168","1,086","753","193","4.1","2.4"
"Occupation","Permaculturist","0","1,241","565","242","44","5.5","0.5"
"Occupation","Perpetual Student","0","1,406","1,393","1,333","385","1.6","3.9"
"Occupation","Photographer","0","922","901","767","218","2.5","3.4"
"Occupation","Pickler","0","1,202","1,094","839","249","3.8","3.0"
"Occupation","Pieceworker","0","1,371","1,250","941","255","4.1","2.7"
"Occupation","Pig Breeder","0","1,351","950","530","172","5.6","1.8"
"Occupation","Pig Catcher","0","1,076","180","54","11","6.1","0.1"
"Occupation","Pig Whisperer","0","1,300","330","171","44","5.9","0.5"
"Occupation","Pioneer","0","1,145","600","310","113","5.4","1.4"
"Occupation","Pipe Smoker","0","1,317","1,167","791","267","4.2","2.9"
"Occupation","Plow Deal Maker","1","945","805","562","173","4.4","2.6"
"Occupation","Plow Driver","0","1,505","1,389","1,157","338","2.4","3.2"
"Occupation","Plow Maker","0","1,395","1,313","1,057","276","4.0","2.8"
"Occupation","Plowman","0","1,305","1,116","804","207","4.3","2.3"
"Occupation","Poker Player","0","964","889","769","209","2.9","3.1"
"Occupation","Politician","0","1,364","1,281","905","272","4.1","2.8"
"Occupation","Polymorph Master","1","953","740","326","80","5.2","1.2"
"Occupation","Porcelain Maker","0","244","234","203","74","2.8","4.3"
"Occupation","Potter","0","1,149","413","184","52","6.1","0.6"
"Occupation","Powerhouse","0","1,294","704","317","125","5.5","1.4"
"Occupation","Prefect","0","1,188","565","243","72","6.0","0.9"
"Occupation","Primitive Man","0","833","616","427","166","4.1","2.8"
"Occupation","Project Servant","0","907","575","312","88","5.3","1.4"
"Occupation","Prophet","0","1,241","1,119","665","177","4.7","2.0"
"Occupation","Prosecutor","0","1,170","674","251","85","5.6","1.0"
"Occupation","Prudent Merchant","0","1,225","1,125","760","254","4.4","3.0"
"Occupation","Puppeteer","0","1,003","908","681","186","4.0","2.6"
"Occupation","Quarryman","0","1,283","449","207","47","6.1","0.5"
"Occupation","Racing Stable Manager","0","1,219","981","613","139","4.5","1.6"
"Occupation","Ram Wrangler","0","946","709","461","156","5.2","2.4"
"Occupation","Rancher","0","1,297","967","575","181","4.8","2.0"
"Occupation","Ratcatcher","1","4","4","3","1","4.3","3.6"
"Occupation","Real Estate Agent","0","1,129","767","359","108","5.4","1.4"
"Occupation","Reed Buyer","1","615","189","68","18","5.7","0.4"
"Occupation","Reed Collector","0","1,489","1,439","1,228","328","2.8","3.1"
"Occupation","Reeve","0","1,503","1,474","1,180","347","3.0","3.3"
"Occupation","Reformer","0","1,267","1,197","898","252","4.0","2.8"
"Occupation","Remodeler","0","1,321","1,286","1,067","293","2.8","3.2"
"Occupation","Renaissance Man","0","1,206","1,125","650","199","4.1","2.4"
"Occupation","Renovator","0","1,302","1,040","598","168","5.1","1.8"
"Occupation","Resource Collector","0","975","840","620","178","4.7","2.6"
"Occupation","Resource Dealer","0","1,182","1,144","917","265","3.5","3.2"
"Occupation","Resource Gatherer","0","1,085","938","577","198","4.4","2.6"
"Occupation","Resource Lender","0","1,339","941","597","151","4.6","1.6"
"Occupation","Resource Seller","0","1,353","1,278","1,067","283","3.8","3.0"
"Occupation","Restless Father","0","996","913","740","266","3.3","3.8"
"Occupation","Rice Farmer","0","1,188","854","524","113","4.8","1.4"
"Occupation","River Pig","0","880","677","300","91","5.3","1.5"
"Occupation","Riverman","0","886","470","230","44","5.3","0.7"
"Occupation","Rogue","1","734","727","663","218","1.8","4.2"
"Occupation","Rule Breaker","0","989","963","694","264","2.6","3.8"
"Occupation","Sailboat Constructor","0","1,534","1,364","1,068","363","4.1","3.4"
"Occupation","Scapegrace","0","1,178","864","447","127","5.2","1.5"
"Occupation","Schnaps Distiller","0","1,432","967","519","131","5.4","1.3"
"Occupation","Scholar","0","1,466","1,395","1,038","344","2.5","3.4"
"Occupation","School Lunch Lady","0","1,281","1,227","1,169","334","2.2","3.7"
"Occupation","Scrounger","0","1,227","1,126","928","280","3.8","3.3"
"Occupation","Sculptors Son","0","1,319","1,152","810","247","4.3","2.7"
"Occupation","Seal Trainer","0","771","382","153","23","5.3","0.4"
"Occupation","Seasonal Worker","0","1,376","1,319","1,035","239","3.1","2.5"
"Occupation","Seed Seller","0","1,389","1,236","1,013","245","4.3","2.5"
"Occupation","Self-Employee","0","1,146","472","279","80","5.8","1.0"
"Occupation","Serf","0","1,304","933","539","120","5.2","1.3"
"Occupation","Shearer","0","1,303","1,200","905","271","3.3","3.0"
"Occupation","Sheep Farmer","0","1,347","1,267","831","206","4.2","2.2"
"Occupation","Sheep Whisperer","0","1,012","217","97","25","6.0","0.4"
"Occupation","Shepherd","0","1,107","338","114","33","6.2","0.4"
"Occupation","Shepherd Boy","0","1,318","809","402","113","5.4","1.2"
"Occupation","Shovel Worker","0","1,338","1,135","758","253","4.5","2.7"
"Occupation","Silo Builder","0","1,342","1,309","1,162","408","2.3","4.3"
"Occupation","Silo Girl","0","1,459","1,329","1,017","355","2.9","3.5"
"Occupation","Slaughterman","0","934","167","56","15","6.3","0.2"
"Occupation","Small Scale Farmer","0","267","254","224","66","3.2","3.5"
"Occupation","Smallholder","1","1,047","206","52","17","6.3","0.2"
"Occupation","Smuggler","0","1,169","800","445","148","5.3","1.8"
"Occupation","Snake Oil Salesman","0","239","217","154","31","3.9","1.9"
"Occupation","Social Climber","0","1,458","1,354","1,027","292","3.5","2.9"
"Occupation","Soil Nutritionist","0","1,048","1,016","798","219","3.7","3.0"
"Occupation","South Pole Explorer","0","420","355","249","64","3.8","2.2"
"Occupation","Speculator","0","1,008","987","905","263","2.8","3.7"
"Occupation","Spragger","0","7","4","2","0","5.5","0.0"
"Occupation","Spring Worker","0","1,107","988","603","155","4.3","2.0"
"Occupation","Stable Artificer","0","552","543","440","139","3.4","3.6"
"Occupation","Stable Deliveryman","0","1,298","1,108","807","182","4.1","2.0"
"Occupation","Stablehand","0","1,203","735","410","114","5.4","1.4"
"Occupation","Stablemaster","1","995","150","36","13","6.3","0.2"
"Occupation","Stage Star","0","1,281","816","564","153","5.3","1.7"
"Occupation","Stockman","0","1,349","1,266","902","253","4.1","2.7"
"Occupation","Stone Baron","0","971","808","442","134","4.9","2.0"
"Occupation","Stone Breaker","0","1,306","806","258","64","5.8","0.7"
"Occupation","Stone Buyer","1","659","314","131","34","5.5","0.7"
"Occupation","Stone Carrier","0","1,086","420","142","29","6.1","0.4"
"Occupation","Stone Carver","0","1,284","745","384","118","5.6","1.3"
"Occupation","Stone Curator","0","1,509","1,371","956","358","3.7","3.4"
"Occupation","Stone Custodian","0","1,130","466","210","64","6.1","0.8"
"Occupation","Stone House Builder","1","1,114","1,093","888","162","2.5","2.1"
"Occupation","Stone Sculptor","0","1,216","1,151","919","271","3.6","3.2"
"Occupation","Stonecutter","0","1,359","1,328","1,032","274","3.2","2.9"
"Occupation","Store Owner","0","367","308","224","65","4.3","2.5"
"Occupation","Storehouse Clerk","0","1,277","601","260","103","5.6","1.2"
"Occupation","Storehouse Keeper","0","1,507","1,315","1,070","305","3.2","2.9"
"Occupation","Storehouse Minder","0","1,336","408","175","61","6.1","0.7"
"Occupation","Storyteller","0","1,255","591","304","70","5.4","0.8"
"Occupation","Street Musician","0","1,335","723","355","79","5.4","0.8"
"Occupation","Stroller","0","1,306","695","386","125","5.6","1.4"
"Occupation","Stud Master","0","951","839","569","199","4.6","3.0"
"Occupation","Sugar Daddy","0","914","783","549","171","3.8","2.7"
"Occupation","Sun Farmer","0","1,399","1,058","660","137","4.9","1.4"
"Occupation","Sunday Worker","0","1,373","1,211","907","248","4.1","2.6"
"Occupation","Sunrise Admirer","0","1,498","1,347","1,201","297","3.6","2.8"
"Occupation","Supervisor","0","1,236","818","309","88","5.3","1.0"
"Occupation","Surveyor","0","826","479","167","49","5.5","0.8"
"Occupation","Swineherd","0","1,289","449","164","47","6.0","0.5"
"Occupation","Sycophant","0","1,205","714","362","86","5.3","1.0"
"Occupation","Tanner","0","1,366","955","444","148","5.3","1.5"
"Occupation","Tapestry Weaver","0","1,254","1,025","569","195","5.0","2.2"
"Occupation","Tarzan","0","932","553","251","83","5.6","1.3"
"Occupation","Taster","1","9","8","7","4","2.4","6.3"
"Occupation","Tavern Keeper","0","1,294","728","373","120","5.5","1.3"
"Occupation","Tenant Farmer","0","1,322","1,061","631","195","5.1","2.1"
"Occupation","Thatcher","0","1,553","1,289","891","233","4.1","2.1"
"Occupation","Thatcher's Helper","0","894","592","336","89","5.4","1.4"
"Occupation","Tile Maker","0","1,318","1,105","723","179","4.8","1.9"
"Occupation","Tinsmith","0","1,328","699","362","100","5.7","1.1"
"Occupation","Tower Builder","0","1,332","1,044","491","139","5.0","1.5"
"Occupation","Trailblazer","0","1,285","1,194","981","293","3.7","3.3"
"Occupation","Traveling Salesman","0","1,341","765","352","86","5.7","0.9"
"Occupation","Treasure Hunter","0","1,383","1,243","1,042","305","3.6","3.2"
"Occupation","Trinket Collector","0","1,054","1,021","737","278","3.6","3.8"
"Occupation","Turkey Breeder","0","1,422","1,387","1,279","361","2.3","3.6"
"Occupation","Turner","1","1,138","132","38","3","6.4","0.0"
"Occupation","Tutor","0","1,495","1,462","1,330","330","2.8","3.2"
"Occupation","Undergardener","0","1,334","1,229","865","212","3.7","2.3"
"Occupation","Unicycle Driver","0","1,079","746","419","107","5.0","1.4"
"Occupation","Universal Educator","0","1,026","622","390","113","5.2","1.6"
"Occupation","Vegetable Importer","1","1,016","789","586","145","4.3","2.0"
"Occupation","Vegetable Vendor","0","1,301","1,247","1,063","281","2.8","3.1"
"Occupation","Veggie Lover","0","1,108","1,071","722","219","3.1","2.8"
"Occupation","Veterinarian","0","1,026","153","59","8","6.3","0.1"
"Occupation","Village Druid","0","1,274","1,134","951","274","3.8","3.1"
"Occupation","Village Elder","0","1,547","1,484","1,192","392","3.2","3.6"
"Occupation","Village Fool","0","1,344","1,015","622","190","4.7","2.0"
"Occupation","Village Lady","0","402","317","269","105","4.3","3.7"
"Occupation","Villein","0","864","825","622","191","3.2","3.2"
"Occupation","Vinedresser","0","1,095","974","686","230","4.1","3.0"
"Occupation","Vineyard Labor","0","987","746","414","103","4.9","1.5"
"Occupation","Visionary","0","1,107","915","623","164","3.9","2.1"
"Occupation","Visiting Quarryman","0","1,315","1,207","1,022","339","3.4","3.7"
"Occupation","Walrus Hunter","0","1,110","819","461","98","5.1","1.3"
"Occupation","Wares Salesman","0","1,136","972","669","210","4.2","2.6"
"Occupation","Water Carrier","0","1,101","671","313","94","5.7","1.2"
"Occupation","Wealthiest Cousin","0","510","427","390","112","4.1","3.1"
"Occupation","Wealthiest European","0","1,311","912","700","264","3.9","2.9"
"Occupation","Wealthy Man","0","1,099","414","240","80","4.2","1.0"
"Occupation","Weaver","0","1,099","343","112","28","6.2","0.4"
"Occupation","Well Builder","0","1,241","1,209","930","261","3.1","3.0"
"Occupation","Well Seller","0","870","498","224","48","5.7","0.8"
"Occupation","Wet Nurse","1","19","19","18","5","1.8","3.8"
"Occupation","Wheat Farmer","0","1,213","846","480","135","5.2","1.6"
"Occupation","Wheelbarrow Pusher","0","1,294","1,219","961","260","3.2","2.9"
"Occupation","Wholesale Agent","1","989","892","624","180","4.5","2.6"
"Occupation","Wintercrafter","0","1,151","1,130","977","299","2.7","3.7"
"Occupation","Wolf","0","1,316","1,287","1,186","364","2.3","4.0"
"Occupation","Wood Buyer","1","629","305","147","41","5.6","0.9"
"Occupation","Wood Carver","0","1,347","1,033","701","174","5.0","1.8"
"Occupation","Wood Collector","0","1,563","1,452","1,249","328","3.3","3.0"
"Occupation","Wood Deliveryman","0","1,308","1,228","852","257","4.3","2.8"
"Occupation","Wood Distributor","0","1,292","947","573","142","5.3","1.6"
"Occupation","Wood Gatherers","0","1,266","690","361","88","5.6","1.0"
"Occupation","Wood Worker","0","1,332","775","425","147","5.6","1.6"
"Occupation","Woodcutter","0","1,389","1,090","723","178","4.8","1.8"
"Occupation","Wooden Hut Builder","0","1,343","633","336","91","5.8","1.0"
"Occupation","Workaholic","0","1,323","1,259","896","301","3.7","3.3"
"Occupation","Writing Maniac","0","1,526","1,445","1,219","370","2.4","3.5"
"Occupation","Yeoman Farmer","0","1,288","713","321","74","5.8","0.8"
"Occupation","Zealous Farmer","0","901","868","467","162","3.2","2.6"
"Occupation","Zoo Director","0","1,281","1,277","1,021","344","1.9","3.8"